{
    "SGD": [
        10.148608981380066,
        8.358298581431692,
        11.36332789390525
    ],
    "SimJointRestaurant": [
        4.955357142857143,
        5.736036036036036,
        9.051711711711711
    ],
    "ABCD": [
        7.747560246962756,
        6.990527114047377,
        12.306242850348967
    ],
    "SimJointMovie": [
        5.161458333333333,
        5.831987891019173,
        9.438698284561049
    ],
    "FRAMES": [
        7.601899196493791,
        10.370135485730758,
        13.83568751801672
    ],
    "CraigslistBargains": [
        3.613437558161176,
        13.394952356425444,
        13.80345093999485
    ],
    "Taskmaster2": [
        7.920943134535367,
        8.566443413295978,
        10.416695850113815
    ],
    "BiTOD": [
        9.82136080238547,
        8.572465568159863,
        13.500676216499683
    ],
    "DSTC2-Clean": [
        8.882843894899537,
        3.3093332405345213,
        11.722577951002227
    ],
    "KVRET": [
        2.651600131969647,
        6.565260669404006,
        9.224710712952595
    ],
    "STAR": [
        8.130186410102224,
        8.507377685736474,
        10.871565400687844
    ],
    "SimJointGEN": [
        7.923066666666666,
        5.110388654224795,
        12.287214125843528
    ],
    "MuDoCo": [
        2.6905841557748733,
        7.709080995340537,
        7.587092297015961
    ],
    "MetaLWOZ": [
        5.280725319006044,
        6.828149655442037,
        7.805959463214964
    ],
    "HDSA-Dialog": [
        6.852270549913777,
        13.386164084782731,
        16.664364409149375
    ],
    "Taskmaster1": [
        4.773757976298997,
        7.184940744011744,
        10.036508372220696
    ],
    "CaSiNo": [
        5.94368932038835,
        19.06109114668409,
        18.295981705325058
    ],
    "SalesBot": [
        8.879731439135934,
        11.301653571780795,
        10.50834456534841
    ],
    "WOZ2_0": [
        4.176666666666667,
        8.155426975259378,
        11.679169992019155
    ],
    "MULTIWOZ2_2": [
        6.852735460381336,
        11.48389306786723,
        14.97350465591007
    ],
    "Taskmaster3": [
        10.078214946764252,
        7.717312332349334,
        13.256505519835011
    ],
    "AirDialogue": [
        6.355116604297141,
        7.384692059435832,
        8.695386360305486
    ],
    "MS-DC": [
        3.5933,
        8.097292182673309,
        14.716194027773913
    ],
    "MulDoGO": [
        7.145044789301035,
        3.9087501903750774,
        17.942401882340477
    ]
}